Month,Reliability
1/1/20,0.684751434
2/1/20,0.649750877
3/1/20,0.702929602
4/1/20,0.698091434
5/1/20,0.747620343
6/1/20,0.777281022
7/1/20,0.753351434
8/1/20,0.636550815
9/1/20,0.55984855
10/1/20,0.523289053
11/1/20,0.499524016
12/1/20,0.445705442